{
"lengthUnit": "mil",
"remark": [],
"components": {
	"fields": ["COMPONENT_NO", "COMPONENT_NAME", "LAYER", "X_COORDINATE", "Y_COORDINATE", "ANGLE"],
	"rows": [
		[1, "C1", "T", 755, -345, 270],
		[2, "C2", "T", 760, -645, 270],
		[3, "C3", "T", 350, -870, 0],
		[4, "C4", "T", 685, -870, 0],
		[5, "H1", "T", 1390, -275, 180],
		[6, "H2", "T", 1390, -885, 0],
		[7, "R1", "T", 430, -275, 0],
		[8, "R2", "T", 430, -415, 0],
		[9, "R3", "T", 430, -550, 0],
		[10, "R4", "T", 430, -695, 0],
		[11, "U1", "T", 250, -70, 180],
		[12, "U2", "T", 730, -70, 180],
		[13, "U3", "T", 1200, -70, 180],
		[14, "U4", "T", 1670, -70, 180],
		[15, "U5", "T", 125, -575, 270],
		[16, "PAD1", "T", 755, -295, 0],
		[17, "PAD1", "B", 755, -295, 0],
		[18, "PAD2", "T", 755, -395, 0],
		[19, "PAD2", "B", 755, -395, 0],
		[20, "PAD3", "T", 760, -595, 0],
		[21, "PAD3", "B", 760, -595, 0],
		[22, "PAD4", "T", 760, -695, 0],
		[23, "PAD4", "B", 760, -695, 0],
		[24, "PAD5", "T", 300, -870, 0],
		[25, "PAD5", "B", 300, -870, 0],
		[26, "PAD6", "T", 400, -870, 0],
		[27, "PAD6", "B", 400, -870, 0],
		[28, "PAD7", "T", 635, -870, 0],
		[29, "PAD7", "B", 635, -870, 0],
		[30, "PAD8", "T", 735, -870, 0],
		[31, "PAD8", "B", 735, -870, 0],
		[32, "PAD9", "T", 940, -275, 0],
		[33, "PAD9", "B", 940, -275, 0],
		[34, "PAD10", "T", 1040, -275, 0],
		[35, "PAD10", "B", 1040, -275, 0],
		[36, "PAD11", "T", 1140, -275, 0],
		[37, "PAD11", "B", 1140, -275, 0],
		[38, "PAD12", "T", 1240, -275, 0],
		[39, "PAD12", "B", 1240, -275, 0],
		[40, "PAD13", "T", 1340, -275, 0],
		[41, "PAD13", "B", 1340, -275, 0],
		[42, "PAD14", "T", 1440, -275, 0],
		[43, "PAD14", "B", 1440, -275, 0],
		[44, "PAD15", "T", 1540, -275, 0],
		[45, "PAD15", "B", 1540, -275, 0],
		[46, "PAD16", "T", 1640, -275, 0],
		[47, "PAD16", "B", 1640, -275, 0],
		[48, "PAD17", "T", 1740, -275, 0],
		[49, "PAD17", "B", 1740, -275, 0],
		[50, "PAD18", "T", 1840, -275, 0],
		[51, "PAD18", "B", 1840, -275, 0],
		[52, "PAD19", "T", 1840, -885, 0],
		[53, "PAD19", "B", 1840, -885, 0],
		[54, "PAD20", "T", 1740, -885, 0],
		[55, "PAD20", "B", 1740, -885, 0],
		[56, "PAD21", "T", 1640, -885, 0],
		[57, "PAD21", "B", 1640, -885, 0],
		[58, "PAD22", "T", 1540, -885, 0],
		[59, "PAD22", "B", 1540, -885, 0],
		[60, "PAD23", "T", 1440, -885, 0],
		[61, "PAD23", "B", 1440, -885, 0],
		[62, "PAD24", "T", 1340, -885, 0],
		[63, "PAD24", "B", 1340, -885, 0],
		[64, "PAD25", "T", 1240, -885, 0],
		[65, "PAD25", "B", 1240, -885, 0],
		[66, "PAD26", "T", 1140, -885, 0],
		[67, "PAD26", "B", 1140, -885, 0],
		[68, "PAD27", "T", 1040, -885, 0],
		[69, "PAD27", "B", 1040, -885, 0],
		[70, "PAD28", "T", 940, -885, 0],
		[71, "PAD28", "B", 940, -885, 0],
		[72, "PAD29", "T", 227.24, -275, 0],
		[73, "PAD29", "B", 227.24, -275, 0],
		[74, "PAD30", "T", 632.76, -275, 0],
		[75, "PAD30", "B", 632.76, -275, 0],
		[76, "PAD31", "T", 227.24, -415, 0],
		[77, "PAD31", "B", 227.24, -415, 0],
		[78, "PAD32", "T", 632.76, -415, 0],
		[79, "PAD32", "B", 632.76, -415, 0],
		[80, "PAD33", "T", 227.24, -550, 0],
		[81, "PAD33", "B", 227.24, -550, 0],
		[82, "PAD34", "T", 632.76, -550, 0],
		[83, "PAD34", "B", 632.76, -550, 0],
		[84, "PAD35", "T", 227.24, -695, 0],
		[85, "PAD35", "B", 227.24, -695, 0],
		[86, "PAD36", "T", 632.76, -695, 0],
		[87, "PAD36", "B", 632.76, -695, 0],
		[88, "PAD37", "T", 350, -70, 0],
		[89, "PAD37", "B", 350, -70, 0],
		[90, "PAD38", "T", 250, -70, 0],
		[91, "PAD38", "B", 250, -70, 0],
		[92, "PAD39", "T", 150, -70, 0],
		[93, "PAD39", "B", 150, -70, 0],
		[94, "PAD40", "T", 830, -70, 0],
		[95, "PAD40", "B", 830, -70, 0],
		[96, "PAD41", "T", 730, -70, 0],
		[97, "PAD41", "B", 730, -70, 0],
		[98, "PAD42", "T", 630, -70, 0],
		[99, "PAD42", "B", 630, -70, 0],
		[100, "PAD43", "T", 1300, -70, 0],
		[101, "PAD43", "B", 1300, -70, 0],
		[102, "PAD44", "T", 1200, -70, 0],
		[103, "PAD44", "B", 1200, -70, 0],
		[104, "PAD45", "T", 1100, -70, 0],
		[105, "PAD45", "B", 1100, -70, 0],
		[106, "PAD46", "T", 1770, -70, 0],
		[107, "PAD46", "B", 1770, -70, 0],
		[108, "PAD47", "T", 1670, -70, 0],
		[109, "PAD47", "B", 1670, -70, 0],
		[110, "PAD48", "T", 1570, -70, 0],
		[111, "PAD48", "B", 1570, -70, 0],
		[112, "PAD49", "T", 125, -875, 0],
		[113, "PAD49", "B", 125, -875, 0],
		[114, "PAD50", "T", 125, -775, 0],
		[115, "PAD50", "B", 125, -775, 0],
		[116, "PAD51", "T", 125, -675, 0],
		[117, "PAD51", "B", 125, -675, 0],
		[118, "PAD52", "T", 125, -575, 0],
		[119, "PAD52", "B", 125, -575, 0],
		[120, "PAD53", "T", 125, -475, 0],
		[121, "PAD53", "B", 125, -475, 0],
		[122, "PAD54", "T", 125, -375, 0],
		[123, "PAD54", "B", 125, -375, 0],
		[124, "PAD55", "T", 125, -275, 0],
		[125, "PAD55", "B", 125, -275, 0]
	]
},
"pins": {
	"fields": ["PIN_NO", "PIN_NAME", "PIN_X", "PIN_Y", "LAYER", "PIN_TYPE", "NET_NAME", "NET_TYPE", "PAD_SHAPE", "PAD_SIZEX", "PAD_SIZEY", "HOLE_SIZE", "HOLE_LEN", "PAD_ANGLE"],
	"rows": [
		[1, "C1_1", 755, -295, "T", "DIP", "GND", "GND", "C", 64.961, 64.961, 43.308, 43.308, 270],
		[2, "C1_1", 755, -295, "B", "DIP", "GND", "GND", "C", 64.961, 64.961, 43.308, 43.308, 270],
		[3, "C1_2", 755, -395, "T", "DIP", "GP0", "", "C", 64.961, 64.961, 43.308, 43.308, 270],
		[4, "C1_2", 755, -395, "B", "DIP", "GP0", "", "C", 64.961, 64.961, 43.308, 43.308, 270],
		[5, "C2_1", 760, -595, "T", "DIP", "GND", "GND", "C", 64.961, 64.961, 43.308, 43.308, 270],
		[6, "C2_1", 760, -595, "B", "DIP", "GND", "GND", "C", 64.961, 64.961, 43.308, 43.308, 270],
		[7, "C2_2", 760, -695, "T", "DIP", "GP1", "", "C", 64.961, 64.961, 43.308, 43.308, 270],
		[8, "C2_2", 760, -695, "B", "DIP", "GP1", "", "C", 64.961, 64.961, 43.308, 43.308, 270],
		[9, "C3_1", 300, -870, "T", "DIP", "GND", "GND", "C", 64.961, 64.961, 43.308, 43.308, 0],
		[10, "C3_1", 300, -870, "B", "DIP", "GND", "GND", "C", 64.961, 64.961, 43.308, 43.308, 0],
		[11, "C3_2", 400, -870, "T", "DIP", "GP2", "", "C", 64.961, 64.961, 43.308, 43.308, 0],
		[12, "C3_2", 400, -870, "B", "DIP", "GP2", "", "C", 64.961, 64.961, 43.308, 43.308, 0],
		[13, "C4_1", 635, -870, "T", "DIP", "GND", "GND", "C", 64.961, 64.961, 43.308, 43.308, 0],
		[14, "C4_1", 635, -870, "B", "DIP", "GND", "GND", "C", 64.961, 64.961, 43.308, 43.308, 0],
		[15, "C4_2", 735, -870, "T", "DIP", "GP3", "", "C", 64.961, 64.961, 43.308, 43.308, 0],
		[16, "C4_2", 735, -870, "B", "DIP", "GP3", "", "C", 64.961, 64.961, 43.308, 43.308, 0],
		[17, "H1_1", 1840, -275, "T", "DIP", "TX", "", "R", 62, 66.929, 43.308, 43.308, 180],
		[18, "H1_1", 1840, -275, "B", "DIP", "TX", "", "R", 62, 66.929, 43.308, 43.308, 180],
		[19, "H1_2", 1740, -275, "T", "DIP", "RX", "", "C", 66.929, 66.929, 43.308, 43.308, 180],
		[20, "H1_2", 1740, -275, "B", "DIP", "RX", "", "C", 66.929, 66.929, 43.308, 43.308, 180],
		[21, "H1_3", 1640, -275, "T", "DIP", "GP0", "", "C", 66.929, 66.929, 43.308, 43.308, 180],
		[22, "H1_3", 1640, -275, "B", "DIP", "GP0", "", "C", 66.929, 66.929, 43.308, 43.308, 180],
		[23, "H1_4", 1540, -275, "T", "DIP", "GP1", "", "C", 66.929, 66.929, 43.308, 43.308, 180],
		[24, "H1_4", 1540, -275, "B", "DIP", "GP1", "", "C", 66.929, 66.929, 43.308, 43.308, 180],
		[25, "H1_5", 1440, -275, "T", "DIP", "GP2", "", "C", 66.929, 66.929, 43.308, 43.308, 180],
		[26, "H1_5", 1440, -275, "B", "DIP", "GP2", "", "C", 66.929, 66.929, 43.308, 43.308, 180],
		[27, "H1_6", 1340, -275, "T", "DIP", "GP3", "", "C", 66.929, 66.929, 43.308, 43.308, 180],
		[28, "H1_6", 1340, -275, "B", "DIP", "GP3", "", "C", 66.929, 66.929, 43.308, 43.308, 180],
		[29, "H1_7", 1240, -275, "T", "DIP", "GP4", "", "C", 66.929, 66.929, 43.308, 43.308, 180],
		[30, "H1_7", 1240, -275, "B", "DIP", "GP4", "", "C", 66.929, 66.929, 43.308, 43.308, 180],
		[31, "H1_8", 1140, -275, "T", "DIP", "GP5", "", "C", 66.929, 66.929, 43.308, 43.308, 180],
		[32, "H1_8", 1140, -275, "B", "DIP", "GP5", "", "C", 66.929, 66.929, 43.308, 43.308, 180],
		[33, "H1_9", 1040, -275, "T", "DIP", "GP6", "", "C", 66.929, 66.929, 43.308, 43.308, 180],
		[34, "H1_9", 1040, -275, "B", "DIP", "GP6", "", "C", 66.929, 66.929, 43.308, 43.308, 180],
		[35, "H1_10", 940, -275, "T", "DIP", "GP7", "", "C", 66.929, 66.929, 43.308, 43.308, 180],
		[36, "H1_10", 940, -275, "B", "DIP", "GP7", "", "C", 66.929, 66.929, 43.308, 43.308, 180],
		[37, "H2_1", 940, -885, "T", "DIP", "GP8", "", "R", 62, 66.929, 43.308, 43.308, 360],
		[38, "H2_1", 940, -885, "B", "DIP", "GP8", "", "R", 62, 66.929, 43.308, 43.308, 360],
		[39, "H2_2", 1040, -885, "T", "DIP", "GP9", "", "C", 66.929, 66.929, 43.308, 43.308, 360],
		[40, "H2_2", 1040, -885, "B", "DIP", "GP9", "", "C", 66.929, 66.929, 43.308, 43.308, 360],
		[41, "H2_3", 1140, -885, "T", "DIP", "GP14", "", "C", 66.929, 66.929, 43.308, 43.308, 360],
		[42, "H2_3", 1140, -885, "B", "DIP", "GP14", "", "C", 66.929, 66.929, 43.308, 43.308, 360],
		[43, "H2_4", 1240, -885, "T", "DIP", "GP15", "", "C", 66.929, 66.929, 43.308, 43.308, 360],
		[44, "H2_4", 1240, -885, "B", "DIP", "GP15", "", "C", 66.929, 66.929, 43.308, 43.308, 360],
		[45, "H2_5", 1340, -885, "T", "DIP", "GP18", "", "C", 66.929, 66.929, 43.308, 43.308, 360],
		[46, "H2_5", 1340, -885, "B", "DIP", "GP18", "", "C", 66.929, 66.929, 43.308, 43.308, 360],
		[47, "H2_6", 1440, -885, "T", "DIP", "GP19", "", "C", 66.929, 66.929, 43.308, 43.308, 360],
		[48, "H2_6", 1440, -885, "B", "DIP", "GP19", "", "C", 66.929, 66.929, 43.308, 43.308, 360],
		[49, "H2_7", 1540, -885, "T", "DIP", "GP20", "", "C", 66.929, 66.929, 43.308, 43.308, 360],
		[50, "H2_7", 1540, -885, "B", "DIP", "GP20", "", "C", 66.929, 66.929, 43.308, 43.308, 360],
		[51, "H2_8", 1640, -885, "T", "DIP", "3V3", "", "C", 66.929, 66.929, 43.308, 43.308, 360],
		[52, "H2_8", 1640, -885, "B", "DIP", "3V3", "", "C", 66.929, 66.929, 43.308, 43.308, 360],
		[53, "H2_9", 1740, -885, "T", "DIP", "GND", "GND", "C", 66.929, 66.929, 43.308, 43.308, 360],
		[54, "H2_9", 1740, -885, "B", "DIP", "GND", "GND", "C", 66.929, 66.929, 43.308, 43.308, 360],
		[55, "H2_10", 1840, -885, "T", "DIP", "5V", "", "C", 66.929, 66.929, 43.308, 43.308, 360],
		[56, "H2_10", 1840, -885, "B", "DIP", "5V", "", "C", 66.929, 66.929, 43.308, 43.308, 360],
		[57, "R1_1", 227.24, -275, "T", "DIP", "SIG1", "", "C", 51.181, 51.181, 31.496, 31.496, 0],
		[58, "R1_1", 227.24, -275, "B", "DIP", "SIG1", "", "C", 51.181, 51.181, 31.496, 31.496, 0],
		[59, "R1_2", 632.76, -275, "T", "DIP", "GP0", "", "C", 51.181, 51.181, 31.496, 31.496, 0],
		[60, "R1_2", 632.76, -275, "B", "DIP", "GP0", "", "C", 51.181, 51.181, 31.496, 31.496, 0],
		[61, "R2_1", 227.24, -415, "T", "DIP", "SIG2", "", "C", 51.181, 51.181, 31.496, 31.496, 0],
		[62, "R2_1", 227.24, -415, "B", "DIP", "SIG2", "", "C", 51.181, 51.181, 31.496, 31.496, 0],
		[63, "R2_2", 632.76, -415, "T", "DIP", "GP1", "", "C", 51.181, 51.181, 31.496, 31.496, 0],
		[64, "R2_2", 632.76, -415, "B", "DIP", "GP1", "", "C", 51.181, 51.181, 31.496, 31.496, 0],
		[65, "R3_1", 227.24, -550, "T", "DIP", "SIG3", "", "C", 51.181, 51.181, 31.496, 31.496, 0],
		[66, "R3_1", 227.24, -550, "B", "DIP", "SIG3", "", "C", 51.181, 51.181, 31.496, 31.496, 0],
		[67, "R3_2", 632.76, -550, "T", "DIP", "GP2", "", "C", 51.181, 51.181, 31.496, 31.496, 0],
		[68, "R3_2", 632.76, -550, "B", "DIP", "GP2", "", "C", 51.181, 51.181, 31.496, 31.496, 0],
		[69, "R4_1", 227.24, -695, "T", "DIP", "SIG4", "", "C", 51.181, 51.181, 31.496, 31.496, 0],
		[70, "R4_1", 227.24, -695, "B", "DIP", "SIG4", "", "C", 51.181, 51.181, 31.496, 31.496, 0],
		[71, "R4_2", 632.76, -695, "T", "DIP", "GP3", "", "C", 51.181, 51.181, 31.496, 31.496, 0],
		[72, "R4_2", 632.76, -695, "B", "DIP", "GP3", "", "C", 51.181, 51.181, 31.496, 31.496, 0],
		[73, "U1_1", 350, -70, "T", "DIP", "3V3", "", "R", 66.929, 66.929, 43.308, 43.308, 0],
		[74, "U1_1", 350, -70, "B", "DIP", "3V3", "", "R", 66.929, 66.929, 43.308, 43.308, 0],
		[75, "U1_2", 250, -70, "T", "DIP", "GND", "GND", "C", 66.929, 66.929, 43.308, 43.308, 0],
		[76, "U1_2", 250, -70, "B", "DIP", "GND", "GND", "C", 66.929, 66.929, 43.308, 43.308, 0],
		[77, "U1_3", 150, -70, "T", "DIP", "SIG1", "", "C", 66.929, 66.929, 43.308, 43.308, 0],
		[78, "U1_3", 150, -70, "B", "DIP", "SIG1", "", "C", 66.929, 66.929, 43.308, 43.308, 0],
		[79, "U2_1", 830, -70, "T", "DIP", "3V3", "", "R", 66.929, 66.929, 43.308, 43.308, 0],
		[80, "U2_1", 830, -70, "B", "DIP", "3V3", "", "R", 66.929, 66.929, 43.308, 43.308, 0],
		[81, "U2_2", 730, -70, "T", "DIP", "GND", "GND", "C", 66.929, 66.929, 43.308, 43.308, 0],
		[82, "U2_2", 730, -70, "B", "DIP", "GND", "GND", "C", 66.929, 66.929, 43.308, 43.308, 0],
		[83, "U2_3", 630, -70, "T", "DIP", "SIG2", "", "C", 66.929, 66.929, 43.308, 43.308, 0],
		[84, "U2_3", 630, -70, "B", "DIP", "SIG2", "", "C", 66.929, 66.929, 43.308, 43.308, 0],
		[85, "U3_1", 1300, -70, "T", "DIP", "3V3", "", "R", 66.929, 66.929, 43.308, 43.308, 0],
		[86, "U3_1", 1300, -70, "B", "DIP", "3V3", "", "R", 66.929, 66.929, 43.308, 43.308, 0],
		[87, "U3_2", 1200, -70, "T", "DIP", "GND", "GND", "C", 66.929, 66.929, 43.308, 43.308, 0],
		[88, "U3_2", 1200, -70, "B", "DIP", "GND", "GND", "C", 66.929, 66.929, 43.308, 43.308, 0],
		[89, "U3_3", 1100, -70, "T", "DIP", "SIG3", "", "C", 66.929, 66.929, 43.308, 43.308, 0],
		[90, "U3_3", 1100, -70, "B", "DIP", "SIG3", "", "C", 66.929, 66.929, 43.308, 43.308, 0],
		[91, "U4_1", 1770, -70, "T", "DIP", "3V3", "", "R", 66.929, 66.929, 43.308, 43.308, 0],
		[92, "U4_1", 1770, -70, "B", "DIP", "3V3", "", "R", 66.929, 66.929, 43.308, 43.308, 0],
		[93, "U4_2", 1670, -70, "T", "DIP", "GND", "GND", "C", 66.929, 66.929, 43.308, 43.308, 0],
		[94, "U4_2", 1670, -70, "B", "DIP", "GND", "GND", "C", 66.929, 66.929, 43.308, 43.308, 0],
		[95, "U4_3", 1570, -70, "T", "DIP", "SIG4", "", "C", 66.929, 66.929, 43.308, 43.308, 0],
		[96, "U4_3", 1570, -70, "B", "DIP", "SIG4", "", "C", 66.929, 66.929, 43.308, 43.308, 0],
		[97, "U5_1", 125, -275, "T", "DIP", "GND", "GND", "R", 62, 66.929, 43.308, 43.308, 270],
		[98, "U5_1", 125, -275, "B", "DIP", "GND", "GND", "R", 62, 66.929, 43.308, 43.308, 270],
		[99, "U5_2", 125, -375, "T", "DIP", "3V3", "", "C", 66.929, 66.929, 43.308, 43.308, 270],
		[100, "U5_2", 125, -375, "B", "DIP", "3V3", "", "C", 66.929, 66.929, 43.308, 43.308, 270],
		[101, "U5_3", 125, -475, "T", "DIP", "GP7", "", "C", 66.929, 66.929, 43.308, 43.308, 270],
		[102, "U5_3", 125, -475, "B", "DIP", "GP7", "", "C", 66.929, 66.929, 43.308, 43.308, 270],
		[103, "U5_4", 125, -575, "T", "DIP", "GP6", "", "C", 66.929, 66.929, 43.308, 43.308, 270],
		[104, "U5_4", 125, -575, "B", "DIP", "GP6", "", "C", 66.929, 66.929, 43.308, 43.308, 270],
		[105, "U5_5", 125, -675, "T", "DIP", "GP20", "", "C", 66.929, 66.929, 43.308, 43.308, 270],
		[106, "U5_5", 125, -675, "B", "DIP", "GP20", "", "C", 66.929, 66.929, 43.308, 43.308, 270],
		[107, "U5_6", 125, -775, "T", "DIP", "GP19", "", "C", 66.929, 66.929, 43.308, 43.308, 270],
		[108, "U5_6", 125, -775, "B", "DIP", "GP19", "", "C", 66.929, 66.929, 43.308, 43.308, 270],
		[109, "U5_7", 125, -875, "T", "DIP", "GP18", "", "C", 66.929, 66.929, 43.308, 43.308, 270],
		[110, "U5_7", 125, -875, "B", "DIP", "GP18", "", "C", 66.929, 66.929, 43.308, 43.308, 270],
		[111, "PAD1_1", 755, -295, "T", "DIP", "GND", "GND", "C", 64.961, 64.961, 43.308, 43.308, 270],
		[112, "PAD1_1", 755, -295, "B", "DIP", "GND", "GND", "C", 64.961, 64.961, 43.308, 43.308, 270],
		[113, "PAD2_2", 755, -395, "T", "DIP", "GP0", "", "C", 64.961, 64.961, 43.308, 43.308, 270],
		[114, "PAD2_2", 755, -395, "B", "DIP", "GP0", "", "C", 64.961, 64.961, 43.308, 43.308, 270],
		[115, "PAD3_1", 760, -595, "T", "DIP", "GND", "GND", "C", 64.961, 64.961, 43.308, 43.308, 270],
		[116, "PAD3_1", 760, -595, "B", "DIP", "GND", "GND", "C", 64.961, 64.961, 43.308, 43.308, 270],
		[117, "PAD4_2", 760, -695, "T", "DIP", "GP1", "", "C", 64.961, 64.961, 43.308, 43.308, 270],
		[118, "PAD4_2", 760, -695, "B", "DIP", "GP1", "", "C", 64.961, 64.961, 43.308, 43.308, 270],
		[119, "PAD5_1", 300, -870, "T", "DIP", "GND", "GND", "C", 64.961, 64.961, 43.308, 43.308, 0],
		[120, "PAD5_1", 300, -870, "B", "DIP", "GND", "GND", "C", 64.961, 64.961, 43.308, 43.308, 0],
		[121, "PAD6_2", 400, -870, "T", "DIP", "GP2", "", "C", 64.961, 64.961, 43.308, 43.308, 0],
		[122, "PAD6_2", 400, -870, "B", "DIP", "GP2", "", "C", 64.961, 64.961, 43.308, 43.308, 0],
		[123, "PAD7_1", 635, -870, "T", "DIP", "GND", "GND", "C", 64.961, 64.961, 43.308, 43.308, 0],
		[124, "PAD7_1", 635, -870, "B", "DIP", "GND", "GND", "C", 64.961, 64.961, 43.308, 43.308, 0],
		[125, "PAD8_2", 735, -870, "T", "DIP", "GP3", "", "C", 64.961, 64.961, 43.308, 43.308, 0],
		[126, "PAD8_2", 735, -870, "B", "DIP", "GP3", "", "C", 64.961, 64.961, 43.308, 43.308, 0],
		[127, "PAD9_10", 940, -275, "T", "DIP", "GP7", "", "C", 66.929, 66.929, 43.308, 43.308, 180],
		[128, "PAD9_10", 940, -275, "B", "DIP", "GP7", "", "C", 66.929, 66.929, 43.308, 43.308, 180],
		[129, "PAD10_9", 1040, -275, "T", "DIP", "GP6", "", "C", 66.929, 66.929, 43.308, 43.308, 180],
		[130, "PAD10_9", 1040, -275, "B", "DIP", "GP6", "", "C", 66.929, 66.929, 43.308, 43.308, 180],
		[131, "PAD11_8", 1140, -275, "T", "DIP", "GP5", "", "C", 66.929, 66.929, 43.308, 43.308, 180],
		[132, "PAD11_8", 1140, -275, "B", "DIP", "GP5", "", "C", 66.929, 66.929, 43.308, 43.308, 180],
		[133, "PAD12_7", 1240, -275, "T", "DIP", "GP4", "", "C", 66.929, 66.929, 43.308, 43.308, 180],
		[134, "PAD12_7", 1240, -275, "B", "DIP", "GP4", "", "C", 66.929, 66.929, 43.308, 43.308, 180],
		[135, "PAD13_6", 1340, -275, "T", "DIP", "GP3", "", "C", 66.929, 66.929, 43.308, 43.308, 180],
		[136, "PAD13_6", 1340, -275, "B", "DIP", "GP3", "", "C", 66.929, 66.929, 43.308, 43.308, 180],
		[137, "PAD14_5", 1440, -275, "T", "DIP", "GP2", "", "C", 66.929, 66.929, 43.308, 43.308, 180],
		[138, "PAD14_5", 1440, -275, "B", "DIP", "GP2", "", "C", 66.929, 66.929, 43.308, 43.308, 180],
		[139, "PAD15_4", 1540, -275, "T", "DIP", "GP1", "", "C", 66.929, 66.929, 43.308, 43.308, 180],
		[140, "PAD15_4", 1540, -275, "B", "DIP", "GP1", "", "C", 66.929, 66.929, 43.308, 43.308, 180],
		[141, "PAD16_3", 1640, -275, "T", "DIP", "GP0", "", "C", 66.929, 66.929, 43.308, 43.308, 180],
		[142, "PAD16_3", 1640, -275, "B", "DIP", "GP0", "", "C", 66.929, 66.929, 43.308, 43.308, 180],
		[143, "PAD17_2", 1740, -275, "T", "DIP", "RX", "", "C", 66.929, 66.929, 43.308, 43.308, 180],
		[144, "PAD17_2", 1740, -275, "B", "DIP", "RX", "", "C", 66.929, 66.929, 43.308, 43.308, 180],
		[145, "PAD18_1", 1840, -275, "T", "DIP", "TX", "", "R", 62, 66.929, 43.308, 43.308, 180],
		[146, "PAD18_1", 1840, -275, "B", "DIP", "TX", "", "R", 62, 66.929, 43.308, 43.308, 180],
		[147, "PAD19_10", 1840, -885, "T", "DIP", "5V", "", "C", 66.929, 66.929, 43.308, 43.308, 360],
		[148, "PAD19_10", 1840, -885, "B", "DIP", "5V", "", "C", 66.929, 66.929, 43.308, 43.308, 360],
		[149, "PAD20_9", 1740, -885, "T", "DIP", "GND", "GND", "C", 66.929, 66.929, 43.308, 43.308, 360],
		[150, "PAD20_9", 1740, -885, "B", "DIP", "GND", "GND", "C", 66.929, 66.929, 43.308, 43.308, 360],
		[151, "PAD21_8", 1640, -885, "T", "DIP", "3V3", "", "C", 66.929, 66.929, 43.308, 43.308, 360],
		[152, "PAD21_8", 1640, -885, "B", "DIP", "3V3", "", "C", 66.929, 66.929, 43.308, 43.308, 360],
		[153, "PAD22_7", 1540, -885, "T", "DIP", "GP20", "", "C", 66.929, 66.929, 43.308, 43.308, 360],
		[154, "PAD22_7", 1540, -885, "B", "DIP", "GP20", "", "C", 66.929, 66.929, 43.308, 43.308, 360],
		[155, "PAD23_6", 1440, -885, "T", "DIP", "GP19", "", "C", 66.929, 66.929, 43.308, 43.308, 360],
		[156, "PAD23_6", 1440, -885, "B", "DIP", "GP19", "", "C", 66.929, 66.929, 43.308, 43.308, 360],
		[157, "PAD24_5", 1340, -885, "T", "DIP", "GP18", "", "C", 66.929, 66.929, 43.308, 43.308, 360],
		[158, "PAD24_5", 1340, -885, "B", "DIP", "GP18", "", "C", 66.929, 66.929, 43.308, 43.308, 360],
		[159, "PAD25_4", 1240, -885, "T", "DIP", "GP15", "", "C", 66.929, 66.929, 43.308, 43.308, 360],
		[160, "PAD25_4", 1240, -885, "B", "DIP", "GP15", "", "C", 66.929, 66.929, 43.308, 43.308, 360],
		[161, "PAD26_3", 1140, -885, "T", "DIP", "GP14", "", "C", 66.929, 66.929, 43.308, 43.308, 360],
		[162, "PAD26_3", 1140, -885, "B", "DIP", "GP14", "", "C", 66.929, 66.929, 43.308, 43.308, 360],
		[163, "PAD27_2", 1040, -885, "T", "DIP", "GP9", "", "C", 66.929, 66.929, 43.308, 43.308, 360],
		[164, "PAD27_2", 1040, -885, "B", "DIP", "GP9", "", "C", 66.929, 66.929, 43.308, 43.308, 360],
		[165, "PAD28_1", 940, -885, "T", "DIP", "GP8", "", "R", 62, 66.929, 43.308, 43.308, 360],
		[166, "PAD28_1", 940, -885, "B", "DIP", "GP8", "", "R", 62, 66.929, 43.308, 43.308, 360],
		[167, "PAD29_1", 227.24, -275, "T", "DIP", "SIG1", "", "C", 51.181, 51.181, 31.496, 31.496, 0],
		[168, "PAD29_1", 227.24, -275, "B", "DIP", "SIG1", "", "C", 51.181, 51.181, 31.496, 31.496, 0],
		[169, "PAD30_2", 632.76, -275, "T", "DIP", "GP0", "", "C", 51.181, 51.181, 31.496, 31.496, 0],
		[170, "PAD30_2", 632.76, -275, "B", "DIP", "GP0", "", "C", 51.181, 51.181, 31.496, 31.496, 0],
		[171, "PAD31_1", 227.24, -415, "T", "DIP", "SIG2", "", "C", 51.181, 51.181, 31.496, 31.496, 0],
		[172, "PAD31_1", 227.24, -415, "B", "DIP", "SIG2", "", "C", 51.181, 51.181, 31.496, 31.496, 0],
		[173, "PAD32_2", 632.76, -415, "T", "DIP", "GP1", "", "C", 51.181, 51.181, 31.496, 31.496, 0],
		[174, "PAD32_2", 632.76, -415, "B", "DIP", "GP1", "", "C", 51.181, 51.181, 31.496, 31.496, 0],
		[175, "PAD33_1", 227.24, -550, "T", "DIP", "SIG3", "", "C", 51.181, 51.181, 31.496, 31.496, 0],
		[176, "PAD33_1", 227.24, -550, "B", "DIP", "SIG3", "", "C", 51.181, 51.181, 31.496, 31.496, 0],
		[177, "PAD34_2", 632.76, -550, "T", "DIP", "GP2", "", "C", 51.181, 51.181, 31.496, 31.496, 0],
		[178, "PAD34_2", 632.76, -550, "B", "DIP", "GP2", "", "C", 51.181, 51.181, 31.496, 31.496, 0],
		[179, "PAD35_1", 227.24, -695, "T", "DIP", "SIG4", "", "C", 51.181, 51.181, 31.496, 31.496, 0],
		[180, "PAD35_1", 227.24, -695, "B", "DIP", "SIG4", "", "C", 51.181, 51.181, 31.496, 31.496, 0],
		[181, "PAD36_2", 632.76, -695, "T", "DIP", "GP3", "", "C", 51.181, 51.181, 31.496, 31.496, 0],
		[182, "PAD36_2", 632.76, -695, "B", "DIP", "GP3", "", "C", 51.181, 51.181, 31.496, 31.496, 0],
		[183, "PAD37_1", 350, -70, "T", "DIP", "3V3", "", "R", 66.929, 66.929, 43.308, 43.308, 0],
		[184, "PAD37_1", 350, -70, "B", "DIP", "3V3", "", "R", 66.929, 66.929, 43.308, 43.308, 0],
		[185, "PAD38_2", 250, -70, "T", "DIP", "GND", "GND", "C", 66.929, 66.929, 43.308, 43.308, 0],
		[186, "PAD38_2", 250, -70, "B", "DIP", "GND", "GND", "C", 66.929, 66.929, 43.308, 43.308, 0],
		[187, "PAD39_3", 150, -70, "T", "DIP", "SIG1", "", "C", 66.929, 66.929, 43.308, 43.308, 0],
		[188, "PAD39_3", 150, -70, "B", "DIP", "SIG1", "", "C", 66.929, 66.929, 43.308, 43.308, 0],
		[189, "PAD40_1", 830, -70, "T", "DIP", "3V3", "", "R", 66.929, 66.929, 43.308, 43.308, 0],
		[190, "PAD40_1", 830, -70, "B", "DIP", "3V3", "", "R", 66.929, 66.929, 43.308, 43.308, 0],
		[191, "PAD41_2", 730, -70, "T", "DIP", "GND", "GND", "C", 66.929, 66.929, 43.308, 43.308, 0],
		[192, "PAD41_2", 730, -70, "B", "DIP", "GND", "GND", "C", 66.929, 66.929, 43.308, 43.308, 0],
		[193, "PAD42_3", 630, -70, "T", "DIP", "SIG2", "", "C", 66.929, 66.929, 43.308, 43.308, 0],
		[194, "PAD42_3", 630, -70, "B", "DIP", "SIG2", "", "C", 66.929, 66.929, 43.308, 43.308, 0],
		[195, "PAD43_1", 1300, -70, "T", "DIP", "3V3", "", "R", 66.929, 66.929, 43.308, 43.308, 0],
		[196, "PAD43_1", 1300, -70, "B", "DIP", "3V3", "", "R", 66.929, 66.929, 43.308, 43.308, 0],
		[197, "PAD44_2", 1200, -70, "T", "DIP", "GND", "GND", "C", 66.929, 66.929, 43.308, 43.308, 0],
		[198, "PAD44_2", 1200, -70, "B", "DIP", "GND", "GND", "C", 66.929, 66.929, 43.308, 43.308, 0],
		[199, "PAD45_3", 1100, -70, "T", "DIP", "SIG3", "", "C", 66.929, 66.929, 43.308, 43.308, 0],
		[200, "PAD45_3", 1100, -70, "B", "DIP", "SIG3", "", "C", 66.929, 66.929, 43.308, 43.308, 0],
		[201, "PAD46_1", 1770, -70, "T", "DIP", "3V3", "", "R", 66.929, 66.929, 43.308, 43.308, 0],
		[202, "PAD46_1", 1770, -70, "B", "DIP", "3V3", "", "R", 66.929, 66.929, 43.308, 43.308, 0],
		[203, "PAD47_2", 1670, -70, "T", "DIP", "GND", "GND", "C", 66.929, 66.929, 43.308, 43.308, 0],
		[204, "PAD47_2", 1670, -70, "B", "DIP", "GND", "GND", "C", 66.929, 66.929, 43.308, 43.308, 0],
		[205, "PAD48_3", 1570, -70, "T", "DIP", "SIG4", "", "C", 66.929, 66.929, 43.308, 43.308, 0],
		[206, "PAD48_3", 1570, -70, "B", "DIP", "SIG4", "", "C", 66.929, 66.929, 43.308, 43.308, 0],
		[207, "PAD49_7", 125, -875, "T", "DIP", "GP18", "", "C", 66.929, 66.929, 43.308, 43.308, 270],
		[208, "PAD49_7", 125, -875, "B", "DIP", "GP18", "", "C", 66.929, 66.929, 43.308, 43.308, 270],
		[209, "PAD50_6", 125, -775, "T", "DIP", "GP19", "", "C", 66.929, 66.929, 43.308, 43.308, 270],
		[210, "PAD50_6", 125, -775, "B", "DIP", "GP19", "", "C", 66.929, 66.929, 43.308, 43.308, 270],
		[211, "PAD51_5", 125, -675, "T", "DIP", "GP20", "", "C", 66.929, 66.929, 43.308, 43.308, 270],
		[212, "PAD51_5", 125, -675, "B", "DIP", "GP20", "", "C", 66.929, 66.929, 43.308, 43.308, 270],
		[213, "PAD52_4", 125, -575, "T", "DIP", "GP6", "", "C", 66.929, 66.929, 43.308, 43.308, 270],
		[214, "PAD52_4", 125, -575, "B", "DIP", "GP6", "", "C", 66.929, 66.929, 43.308, 43.308, 270],
		[215, "PAD53_3", 125, -475, "T", "DIP", "GP7", "", "C", 66.929, 66.929, 43.308, 43.308, 270],
		[216, "PAD53_3", 125, -475, "B", "DIP", "GP7", "", "C", 66.929, 66.929, 43.308, 43.308, 270],
		[217, "PAD54_2", 125, -375, "T", "DIP", "3V3", "", "C", 66.929, 66.929, 43.308, 43.308, 270],
		[218, "PAD54_2", 125, -375, "B", "DIP", "3V3", "", "C", 66.929, 66.929, 43.308, 43.308, 270],
		[219, "PAD55_1", 125, -275, "T", "DIP", "GND", "GND", "R", 62, 66.929, 43.308, 43.308, 270],
		[220, "PAD55_1", 125, -275, "B", "DIP", "GND", "GND", "R", 62, 66.929, 43.308, 43.308, 270]
	]
}
}