{
"lengthUnit": "mil",
"remark": [],
"components": {
	"fields": ["COMPONENT_NO", "COMPONENT_NAME", "LAYER", "X_COORDINATE", "Y_COORDINATE", "ANGLE"],
	"rows": [
		[1, "C1", "T", 395, -415, 0],
		[2, "C2", "T", 400, -760, 0],
		[3, "C3", "T", 660, -410, 0],
		[4, "C4", "T", 660, -755, 0],
		[5, "H1", "T", 1345, -140, 180],
		[6, "H2", "T", 1345, -755, 0],
		[7, "R1", "T", 395, -255, 0],
		[8, "R2", "T", 395, -600, 0],
		[9, "R3", "T", 660, -255, 0],
		[10, "R4", "T", 660, -595, 0],
		[11, "U1", "T", 1690, -1025, 0],
		[12, "U2", "T", 1215, -1020, 0],
		[13, "U3", "T", 735, -1015, 0],
		[14, "U4", "T", 250, -1012.616, 0],
		[15, "U5", "B", 195, -450, 270],
		[16, "PAD1", "T", 434.37, -415, 0],
		[17, "PAD2", "T", 355.63, -415, 0],
		[18, "PAD3", "T", 439.37, -760, 0],
		[19, "PAD4", "T", 360.63, -760, 0],
		[20, "PAD5", "T", 699.37, -410, 0],
		[21, "PAD6", "T", 620.63, -410, 0],
		[22, "PAD7", "T", 699.37, -755, 0],
		[23, "PAD8", "T", 620.63, -755, 0],
		[24, "PAD9", "T", 434.37, -255, 0],
		[25, "PAD10", "T", 355.63, -255, 0],
		[26, "PAD11", "T", 434.37, -600, 0],
		[27, "PAD12", "T", 355.63, -600, 0],
		[28, "PAD13", "T", 699.37, -255, 0],
		[29, "PAD14", "T", 620.63, -255, 0],
		[30, "PAD15", "T", 699.37, -595, 0],
		[31, "PAD16", "T", 620.63, -595, 0],
		[32, "PAD17", "T", 895, -140, 0],
		[33, "PAD17", "B", 895, -140, 0],
		[34, "PAD18", "T", 995, -140, 0],
		[35, "PAD18", "B", 995, -140, 0],
		[36, "PAD19", "T", 1095, -140, 0],
		[37, "PAD19", "B", 1095, -140, 0],
		[38, "PAD20", "T", 1195, -140, 0],
		[39, "PAD20", "B", 1195, -140, 0],
		[40, "PAD21", "T", 1295, -140, 0],
		[41, "PAD21", "B", 1295, -140, 0],
		[42, "PAD22", "T", 1395, -140, 0],
		[43, "PAD22", "B", 1395, -140, 0],
		[44, "PAD23", "T", 1495, -140, 0],
		[45, "PAD23", "B", 1495, -140, 0],
		[46, "PAD24", "T", 1595, -140, 0],
		[47, "PAD24", "B", 1595, -140, 0],
		[48, "PAD25", "T", 1695, -140, 0],
		[49, "PAD25", "B", 1695, -140, 0],
		[50, "PAD26", "T", 1795, -140, 0],
		[51, "PAD26", "B", 1795, -140, 0],
		[52, "PAD27", "T", 1795, -755, 0],
		[53, "PAD27", "B", 1795, -755, 0],
		[54, "PAD28", "T", 1695, -755, 0],
		[55, "PAD28", "B", 1695, -755, 0],
		[56, "PAD29", "T", 1595, -755, 0],
		[57, "PAD29", "B", 1595, -755, 0],
		[58, "PAD30", "T", 1495, -755, 0],
		[59, "PAD30", "B", 1495, -755, 0],
		[60, "PAD31", "T", 1395, -755, 0],
		[61, "PAD31", "B", 1395, -755, 0],
		[62, "PAD32", "T", 1295, -755, 0],
		[63, "PAD32", "B", 1295, -755, 0],
		[64, "PAD33", "T", 1195, -755, 0],
		[65, "PAD33", "B", 1195, -755, 0],
		[66, "PAD34", "T", 1095, -755, 0],
		[67, "PAD34", "B", 1095, -755, 0],
		[68, "PAD35", "T", 995, -755, 0],
		[69, "PAD35", "B", 995, -755, 0],
		[70, "PAD36", "T", 895, -755, 0],
		[71, "PAD36", "B", 895, -755, 0],
		[72, "PAD37", "T", 195, -750, 0],
		[73, "PAD37", "B", 195, -750, 0],
		[74, "PAD38", "T", 195, -650, 0],
		[75, "PAD38", "B", 195, -650, 0],
		[76, "PAD39", "T", 195, -550, 0],
		[77, "PAD39", "B", 195, -550, 0],
		[78, "PAD40", "T", 195, -450, 0],
		[79, "PAD40", "B", 195, -450, 0],
		[80, "PAD41", "T", 195, -350, 0],
		[81, "PAD41", "B", 195, -350, 0],
		[82, "PAD42", "T", 195, -250, 0],
		[83, "PAD42", "B", 195, -250, 0],
		[84, "PAD43", "T", 195, -150, 0],
		[85, "PAD43", "B", 195, -150, 0],
		[86, "PAD44", "T", 150, -1012.616, 0],
		[87, "PAD44", "B", 150, -1012.616, 0],
		[88, "PAD45", "T", 250, -1012.616, 0],
		[89, "PAD45", "B", 250, -1012.616, 0],
		[90, "PAD46", "T", 350, -1012.616, 0],
		[91, "PAD46", "B", 350, -1012.616, 0],
		[92, "PAD47", "T", 635, -1015, 0],
		[93, "PAD47", "B", 635, -1015, 0],
		[94, "PAD48", "T", 735, -1015, 0],
		[95, "PAD48", "B", 735, -1015, 0],
		[96, "PAD49", "T", 835, -1015, 0],
		[97, "PAD49", "B", 835, -1015, 0],
		[98, "PAD50", "T", 1115, -1020, 0],
		[99, "PAD50", "B", 1115, -1020, 0],
		[100, "PAD51", "T", 1215, -1020, 0],
		[101, "PAD51", "B", 1215, -1020, 0],
		[102, "PAD52", "T", 1315, -1020, 0],
		[103, "PAD52", "B", 1315, -1020, 0],
		[104, "PAD53", "T", 1590, -1025, 0],
		[105, "PAD53", "B", 1590, -1025, 0],
		[106, "PAD54", "T", 1690, -1025, 0],
		[107, "PAD54", "B", 1690, -1025, 0],
		[108, "PAD55", "T", 1790, -1025, 0],
		[109, "PAD55", "B", 1790, -1025, 0]
	]
},
"pins": {
	"fields": ["PIN_NO", "PIN_NAME", "PIN_X", "PIN_Y", "LAYER", "PIN_TYPE", "NET_NAME", "NET_TYPE", "PAD_SHAPE", "PAD_SIZEX", "PAD_SIZEY", "HOLE_SIZE", "HOLE_LEN", "PAD_ANGLE"],
	"rows": [
		[1, "C1_1", 355.63, -415, "T", "SMD", "GND", "GND", "R", 55.512, 53.15, 0, 0, 0],
		[2, "C1_2", 434.37, -415, "T", "SMD", "GP0", "", "R", 55.512, 53.15, 0, 0, 0],
		[3, "C2_1", 360.63, -760, "T", "SMD", "GND", "GND", "R", 55.512, 53.15, 0, 0, 0],
		[4, "C2_2", 439.37, -760, "T", "SMD", "GP1", "", "R", 55.512, 53.15, 0, 0, 0],
		[5, "C3_1", 620.63, -410, "T", "SMD", "GND", "GND", "R", 55.512, 53.15, 0, 0, 0],
		[6, "C3_2", 699.37, -410, "T", "SMD", "GP2", "", "R", 55.512, 53.15, 0, 0, 0],
		[7, "C4_1", 620.63, -755, "T", "SMD", "GND", "GND", "R", 55.512, 53.15, 0, 0, 0],
		[8, "C4_2", 699.37, -755, "T", "SMD", "GP3", "", "R", 55.512, 53.15, 0, 0, 0],
		[9, "H1_1", 1795, -140, "T", "DIP", "TX", "", "R", 62, 66.929, 43.308, 43.308, 180],
		[10, "H1_1", 1795, -140, "B", "DIP", "TX", "", "R", 62, 66.929, 43.308, 43.308, 180],
		[11, "H1_2", 1695, -140, "T", "DIP", "RX", "", "C", 66.929, 66.929, 43.308, 43.308, 180],
		[12, "H1_2", 1695, -140, "B", "DIP", "RX", "", "C", 66.929, 66.929, 43.308, 43.308, 180],
		[13, "H1_3", 1595, -140, "T", "DIP", "GP0", "", "C", 66.929, 66.929, 43.308, 43.308, 180],
		[14, "H1_3", 1595, -140, "B", "DIP", "GP0", "", "C", 66.929, 66.929, 43.308, 43.308, 180],
		[15, "H1_4", 1495, -140, "T", "DIP", "GP1", "", "C", 66.929, 66.929, 43.308, 43.308, 180],
		[16, "H1_4", 1495, -140, "B", "DIP", "GP1", "", "C", 66.929, 66.929, 43.308, 43.308, 180],
		[17, "H1_5", 1395, -140, "T", "DIP", "GP2", "", "C", 66.929, 66.929, 43.308, 43.308, 180],
		[18, "H1_5", 1395, -140, "B", "DIP", "GP2", "", "C", 66.929, 66.929, 43.308, 43.308, 180],
		[19, "H1_6", 1295, -140, "T", "DIP", "GP3", "", "C", 66.929, 66.929, 43.308, 43.308, 180],
		[20, "H1_6", 1295, -140, "B", "DIP", "GP3", "", "C", 66.929, 66.929, 43.308, 43.308, 180],
		[21, "H1_7", 1195, -140, "T", "DIP", "GP4", "", "C", 66.929, 66.929, 43.308, 43.308, 180],
		[22, "H1_7", 1195, -140, "B", "DIP", "GP4", "", "C", 66.929, 66.929, 43.308, 43.308, 180],
		[23, "H1_8", 1095, -140, "T", "DIP", "GP5", "", "C", 66.929, 66.929, 43.308, 43.308, 180],
		[24, "H1_8", 1095, -140, "B", "DIP", "GP5", "", "C", 66.929, 66.929, 43.308, 43.308, 180],
		[25, "H1_9", 995, -140, "T", "DIP", "GP6", "", "C", 66.929, 66.929, 43.308, 43.308, 180],
		[26, "H1_9", 995, -140, "B", "DIP", "GP6", "", "C", 66.929, 66.929, 43.308, 43.308, 180],
		[27, "H1_10", 895, -140, "T", "DIP", "GP7", "", "C", 66.929, 66.929, 43.308, 43.308, 180],
		[28, "H1_10", 895, -140, "B", "DIP", "GP7", "", "C", 66.929, 66.929, 43.308, 43.308, 180],
		[29, "H2_1", 895, -755, "T", "DIP", "GP8", "", "R", 62, 66.929, 43.308, 43.308, 0],
		[30, "H2_1", 895, -755, "B", "DIP", "GP8", "", "R", 62, 66.929, 43.308, 43.308, 0],
		[31, "H2_2", 995, -755, "T", "DIP", "GP9", "", "C", 66.929, 66.929, 43.308, 43.308, 0],
		[32, "H2_2", 995, -755, "B", "DIP", "GP9", "", "C", 66.929, 66.929, 43.308, 43.308, 0],
		[33, "H2_3", 1095, -755, "T", "DIP", "GP14", "", "C", 66.929, 66.929, 43.308, 43.308, 0],
		[34, "H2_3", 1095, -755, "B", "DIP", "GP14", "", "C", 66.929, 66.929, 43.308, 43.308, 0],
		[35, "H2_4", 1195, -755, "T", "DIP", "GP15", "", "C", 66.929, 66.929, 43.308, 43.308, 0],
		[36, "H2_4", 1195, -755, "B", "DIP", "GP15", "", "C", 66.929, 66.929, 43.308, 43.308, 0],
		[37, "H2_5", 1295, -755, "T", "DIP", "GP18", "", "C", 66.929, 66.929, 43.308, 43.308, 0],
		[38, "H2_5", 1295, -755, "B", "DIP", "GP18", "", "C", 66.929, 66.929, 43.308, 43.308, 0],
		[39, "H2_6", 1395, -755, "T", "DIP", "GP19", "", "C", 66.929, 66.929, 43.308, 43.308, 0],
		[40, "H2_6", 1395, -755, "B", "DIP", "GP19", "", "C", 66.929, 66.929, 43.308, 43.308, 0],
		[41, "H2_7", 1495, -755, "T", "DIP", "GP20", "", "C", 66.929, 66.929, 43.308, 43.308, 0],
		[42, "H2_7", 1495, -755, "B", "DIP", "GP20", "", "C", 66.929, 66.929, 43.308, 43.308, 0],
		[43, "H2_8", 1595, -755, "T", "DIP", "3V3", "", "C", 66.929, 66.929, 43.308, 43.308, 0],
		[44, "H2_8", 1595, -755, "B", "DIP", "3V3", "", "C", 66.929, 66.929, 43.308, 43.308, 0],
		[45, "H2_9", 1695, -755, "T", "DIP", "GND", "GND", "C", 66.929, 66.929, 43.308, 43.308, 0],
		[46, "H2_9", 1695, -755, "B", "DIP", "GND", "GND", "C", 66.929, 66.929, 43.308, 43.308, 0],
		[47, "H2_10", 1795, -755, "T", "DIP", "5V", "", "C", 66.929, 66.929, 43.308, 43.308, 0],
		[48, "H2_10", 1795, -755, "B", "DIP", "5V", "", "C", 66.929, 66.929, 43.308, 43.308, 0],
		[49, "R1_1", 355.63, -255, "T", "SMD", "SIG1", "", "R", 44.588, 54.213, 0, 0, 0],
		[50, "R1_2", 434.37, -255, "T", "SMD", "GP0", "", "R", 44.588, 54.213, 0, 0, 0],
		[51, "R2_1", 355.63, -600, "T", "SMD", "SIG2", "", "R", 44.588, 54.213, 0, 0, 0],
		[52, "R2_2", 434.37, -600, "T", "SMD", "GP1", "", "R", 44.588, 54.213, 0, 0, 0],
		[53, "R3_1", 620.63, -255, "T", "SMD", "SIG3", "", "R", 44.588, 54.213, 0, 0, 0],
		[54, "R3_2", 699.37, -255, "T", "SMD", "GP2", "", "R", 44.588, 54.213, 0, 0, 0],
		[55, "R4_1", 620.63, -595, "T", "SMD", "SIG4", "", "R", 44.588, 54.213, 0, 0, 0],
		[56, "R4_2", 699.37, -595, "T", "SMD", "GP3", "", "R", 44.588, 54.213, 0, 0, 0],
		[57, "U1_1", 1590, -1025, "T", "DIP", "3V3", "", "R", 66.929, 66.929, 43.308, 43.308, 180],
		[58, "U1_1", 1590, -1025, "B", "DIP", "3V3", "", "R", 66.929, 66.929, 43.308, 43.308, 180],
		[59, "U1_2", 1690, -1025, "T", "DIP", "GND", "GND", "C", 66.929, 66.929, 43.308, 43.308, 180],
		[60, "U1_2", 1690, -1025, "B", "DIP", "GND", "GND", "C", 66.929, 66.929, 43.308, 43.308, 180],
		[61, "U1_3", 1790, -1025, "T", "DIP", "SIG1", "", "C", 66.929, 66.929, 43.308, 43.308, 180],
		[62, "U1_3", 1790, -1025, "B", "DIP", "SIG1", "", "C", 66.929, 66.929, 43.308, 43.308, 180],
		[63, "U2_1", 1115, -1020, "T", "DIP", "3V3", "", "R", 66.929, 66.929, 43.308, 43.308, 180],
		[64, "U2_1", 1115, -1020, "B", "DIP", "3V3", "", "R", 66.929, 66.929, 43.308, 43.308, 180],
		[65, "U2_2", 1215, -1020, "T", "DIP", "GND", "GND", "C", 66.929, 66.929, 43.308, 43.308, 180],
		[66, "U2_2", 1215, -1020, "B", "DIP", "GND", "GND", "C", 66.929, 66.929, 43.308, 43.308, 180],
		[67, "U2_3", 1315, -1020, "T", "DIP", "SIG2", "", "C", 66.929, 66.929, 43.308, 43.308, 180],
		[68, "U2_3", 1315, -1020, "B", "DIP", "SIG2", "", "C", 66.929, 66.929, 43.308, 43.308, 180],
		[69, "U3_1", 635, -1015, "T", "DIP", "3V3", "", "R", 66.929, 66.929, 43.308, 43.308, 180],
		[70, "U3_1", 635, -1015, "B", "DIP", "3V3", "", "R", 66.929, 66.929, 43.308, 43.308, 180],
		[71, "U3_2", 735, -1015, "T", "DIP", "GND", "GND", "C", 66.929, 66.929, 43.308, 43.308, 180],
		[72, "U3_2", 735, -1015, "B", "DIP", "GND", "GND", "C", 66.929, 66.929, 43.308, 43.308, 180],
		[73, "U3_3", 835, -1015, "T", "DIP", "SIG3", "", "C", 66.929, 66.929, 43.308, 43.308, 180],
		[74, "U3_3", 835, -1015, "B", "DIP", "SIG3", "", "C", 66.929, 66.929, 43.308, 43.308, 180],
		[75, "U4_1", 150, -1012.616, "T", "DIP", "3V3", "", "R", 66.929, 66.929, 43.308, 43.308, 180],
		[76, "U4_1", 150, -1012.616, "B", "DIP", "3V3", "", "R", 66.929, 66.929, 43.308, 43.308, 180],
		[77, "U4_2", 250, -1012.616, "T", "DIP", "GND", "GND", "C", 66.929, 66.929, 43.308, 43.308, 180],
		[78, "U4_2", 250, -1012.616, "B", "DIP", "GND", "GND", "C", 66.929, 66.929, 43.308, 43.308, 180],
		[79, "U4_3", 350, -1012.616, "T", "DIP", "SIG4", "", "C", 66.929, 66.929, 43.308, 43.308, 180],
		[80, "U4_3", 350, -1012.616, "B", "DIP", "SIG4", "", "C", 66.929, 66.929, 43.308, 43.308, 180],
		[81, "U5_1", 195, -150, "T", "DIP", "GND", "GND", "R", 62, 66.929, 43.308, 43.308, 270],
		[82, "U5_1", 195, -150, "B", "DIP", "GND", "GND", "R", 62, 66.929, 43.308, 43.308, 270],
		[83, "U5_2", 195, -250, "T", "DIP", "5V", "", "C", 66.929, 66.929, 43.308, 43.308, 270],
		[84, "U5_2", 195, -250, "B", "DIP", "5V", "", "C", 66.929, 66.929, 43.308, 43.308, 270],
		[85, "U5_3", 195, -350, "T", "DIP", "GP7", "", "C", 66.929, 66.929, 43.308, 43.308, 270],
		[86, "U5_3", 195, -350, "B", "DIP", "GP7", "", "C", 66.929, 66.929, 43.308, 43.308, 270],
		[87, "U5_4", 195, -450, "T", "DIP", "GP6", "", "C", 66.929, 66.929, 43.308, 43.308, 270],
		[88, "U5_4", 195, -450, "B", "DIP", "GP6", "", "C", 66.929, 66.929, 43.308, 43.308, 270],
		[89, "U5_5", 195, -550, "T", "DIP", "GP20", "", "C", 66.929, 66.929, 43.308, 43.308, 270],
		[90, "U5_5", 195, -550, "B", "DIP", "GP20", "", "C", 66.929, 66.929, 43.308, 43.308, 270],
		[91, "U5_6", 195, -650, "T", "DIP", "GP19", "", "C", 66.929, 66.929, 43.308, 43.308, 270],
		[92, "U5_6", 195, -650, "B", "DIP", "GP19", "", "C", 66.929, 66.929, 43.308, 43.308, 270],
		[93, "U5_7", 195, -750, "T", "DIP", "GP18", "", "C", 66.929, 66.929, 43.308, 43.308, 270],
		[94, "U5_7", 195, -750, "B", "DIP", "GP18", "", "C", 66.929, 66.929, 43.308, 43.308, 270],
		[95, "PAD1_2", 434.37, -415, "T", "SMD", "GP0", "", "R", 55.512, 53.15, 0, 0, 0],
		[96, "PAD2_1", 355.63, -415, "T", "SMD", "GND", "GND", "R", 55.512, 53.15, 0, 0, 0],
		[97, "PAD3_2", 439.37, -760, "T", "SMD", "GP1", "", "R", 55.512, 53.15, 0, 0, 0],
		[98, "PAD4_1", 360.63, -760, "T", "SMD", "GND", "GND", "R", 55.512, 53.15, 0, 0, 0],
		[99, "PAD5_2", 699.37, -410, "T", "SMD", "GP2", "", "R", 55.512, 53.15, 0, 0, 0],
		[100, "PAD6_1", 620.63, -410, "T", "SMD", "GND", "GND", "R", 55.512, 53.15, 0, 0, 0],
		[101, "PAD7_2", 699.37, -755, "T", "SMD", "GP3", "", "R", 55.512, 53.15, 0, 0, 0],
		[102, "PAD8_1", 620.63, -755, "T", "SMD", "GND", "GND", "R", 55.512, 53.15, 0, 0, 0],
		[103, "PAD9_2", 434.37, -255, "T", "SMD", "GP0", "", "R", 44.588, 54.213, 0, 0, 0],
		[104, "PAD10_1", 355.63, -255, "T", "SMD", "SIG1", "", "R", 44.588, 54.213, 0, 0, 0],
		[105, "PAD11_2", 434.37, -600, "T", "SMD", "GP1", "", "R", 44.588, 54.213, 0, 0, 0],
		[106, "PAD12_1", 355.63, -600, "T", "SMD", "SIG2", "", "R", 44.588, 54.213, 0, 0, 0],
		[107, "PAD13_2", 699.37, -255, "T", "SMD", "GP2", "", "R", 44.588, 54.213, 0, 0, 0],
		[108, "PAD14_1", 620.63, -255, "T", "SMD", "SIG3", "", "R", 44.588, 54.213, 0, 0, 0],
		[109, "PAD15_2", 699.37, -595, "T", "SMD", "GP3", "", "R", 44.588, 54.213, 0, 0, 0],
		[110, "PAD16_1", 620.63, -595, "T", "SMD", "SIG4", "", "R", 44.588, 54.213, 0, 0, 0],
		[111, "PAD17_10", 895, -140, "T", "DIP", "GP7", "", "C", 66.929, 66.929, 43.308, 43.308, 180],
		[112, "PAD17_10", 895, -140, "B", "DIP", "GP7", "", "C", 66.929, 66.929, 43.308, 43.308, 180],
		[113, "PAD18_9", 995, -140, "T", "DIP", "GP6", "", "C", 66.929, 66.929, 43.308, 43.308, 180],
		[114, "PAD18_9", 995, -140, "B", "DIP", "GP6", "", "C", 66.929, 66.929, 43.308, 43.308, 180],
		[115, "PAD19_8", 1095, -140, "T", "DIP", "GP5", "", "C", 66.929, 66.929, 43.308, 43.308, 180],
		[116, "PAD19_8", 1095, -140, "B", "DIP", "GP5", "", "C", 66.929, 66.929, 43.308, 43.308, 180],
		[117, "PAD20_7", 1195, -140, "T", "DIP", "GP4", "", "C", 66.929, 66.929, 43.308, 43.308, 180],
		[118, "PAD20_7", 1195, -140, "B", "DIP", "GP4", "", "C", 66.929, 66.929, 43.308, 43.308, 180],
		[119, "PAD21_6", 1295, -140, "T", "DIP", "GP3", "", "C", 66.929, 66.929, 43.308, 43.308, 180],
		[120, "PAD21_6", 1295, -140, "B", "DIP", "GP3", "", "C", 66.929, 66.929, 43.308, 43.308, 180],
		[121, "PAD22_5", 1395, -140, "T", "DIP", "GP2", "", "C", 66.929, 66.929, 43.308, 43.308, 180],
		[122, "PAD22_5", 1395, -140, "B", "DIP", "GP2", "", "C", 66.929, 66.929, 43.308, 43.308, 180],
		[123, "PAD23_4", 1495, -140, "T", "DIP", "GP1", "", "C", 66.929, 66.929, 43.308, 43.308, 180],
		[124, "PAD23_4", 1495, -140, "B", "DIP", "GP1", "", "C", 66.929, 66.929, 43.308, 43.308, 180],
		[125, "PAD24_3", 1595, -140, "T", "DIP", "GP0", "", "C", 66.929, 66.929, 43.308, 43.308, 180],
		[126, "PAD24_3", 1595, -140, "B", "DIP", "GP0", "", "C", 66.929, 66.929, 43.308, 43.308, 180],
		[127, "PAD25_2", 1695, -140, "T", "DIP", "RX", "", "C", 66.929, 66.929, 43.308, 43.308, 180],
		[128, "PAD25_2", 1695, -140, "B", "DIP", "RX", "", "C", 66.929, 66.929, 43.308, 43.308, 180],
		[129, "PAD26_1", 1795, -140, "T", "DIP", "TX", "", "R", 62, 66.929, 43.308, 43.308, 180],
		[130, "PAD26_1", 1795, -140, "B", "DIP", "TX", "", "R", 62, 66.929, 43.308, 43.308, 180],
		[131, "PAD27_10", 1795, -755, "T", "DIP", "5V", "", "C", 66.929, 66.929, 43.308, 43.308, 0],
		[132, "PAD27_10", 1795, -755, "B", "DIP", "5V", "", "C", 66.929, 66.929, 43.308, 43.308, 0],
		[133, "PAD28_9", 1695, -755, "T", "DIP", "GND", "GND", "C", 66.929, 66.929, 43.308, 43.308, 0],
		[134, "PAD28_9", 1695, -755, "B", "DIP", "GND", "GND", "C", 66.929, 66.929, 43.308, 43.308, 0],
		[135, "PAD29_8", 1595, -755, "T", "DIP", "3V3", "", "C", 66.929, 66.929, 43.308, 43.308, 0],
		[136, "PAD29_8", 1595, -755, "B", "DIP", "3V3", "", "C", 66.929, 66.929, 43.308, 43.308, 0],
		[137, "PAD30_7", 1495, -755, "T", "DIP", "GP20", "", "C", 66.929, 66.929, 43.308, 43.308, 0],
		[138, "PAD30_7", 1495, -755, "B", "DIP", "GP20", "", "C", 66.929, 66.929, 43.308, 43.308, 0],
		[139, "PAD31_6", 1395, -755, "T", "DIP", "GP19", "", "C", 66.929, 66.929, 43.308, 43.308, 0],
		[140, "PAD31_6", 1395, -755, "B", "DIP", "GP19", "", "C", 66.929, 66.929, 43.308, 43.308, 0],
		[141, "PAD32_5", 1295, -755, "T", "DIP", "GP18", "", "C", 66.929, 66.929, 43.308, 43.308, 0],
		[142, "PAD32_5", 1295, -755, "B", "DIP", "GP18", "", "C", 66.929, 66.929, 43.308, 43.308, 0],
		[143, "PAD33_4", 1195, -755, "T", "DIP", "GP15", "", "C", 66.929, 66.929, 43.308, 43.308, 0],
		[144, "PAD33_4", 1195, -755, "B", "DIP", "GP15", "", "C", 66.929, 66.929, 43.308, 43.308, 0],
		[145, "PAD34_3", 1095, -755, "T", "DIP", "GP14", "", "C", 66.929, 66.929, 43.308, 43.308, 0],
		[146, "PAD34_3", 1095, -755, "B", "DIP", "GP14", "", "C", 66.929, 66.929, 43.308, 43.308, 0],
		[147, "PAD35_2", 995, -755, "T", "DIP", "GP9", "", "C", 66.929, 66.929, 43.308, 43.308, 0],
		[148, "PAD35_2", 995, -755, "B", "DIP", "GP9", "", "C", 66.929, 66.929, 43.308, 43.308, 0],
		[149, "PAD36_1", 895, -755, "T", "DIP", "GP8", "", "R", 62, 66.929, 43.308, 43.308, 0],
		[150, "PAD36_1", 895, -755, "B", "DIP", "GP8", "", "R", 62, 66.929, 43.308, 43.308, 0],
		[151, "PAD37_7", 195, -750, "T", "DIP", "GP18", "", "C", 66.929, 66.929, 43.308, 43.308, 270],
		[152, "PAD37_7", 195, -750, "B", "DIP", "GP18", "", "C", 66.929, 66.929, 43.308, 43.308, 270],
		[153, "PAD38_6", 195, -650, "T", "DIP", "GP19", "", "C", 66.929, 66.929, 43.308, 43.308, 270],
		[154, "PAD38_6", 195, -650, "B", "DIP", "GP19", "", "C", 66.929, 66.929, 43.308, 43.308, 270],
		[155, "PAD39_5", 195, -550, "T", "DIP", "GP20", "", "C", 66.929, 66.929, 43.308, 43.308, 270],
		[156, "PAD39_5", 195, -550, "B", "DIP", "GP20", "", "C", 66.929, 66.929, 43.308, 43.308, 270],
		[157, "PAD40_4", 195, -450, "T", "DIP", "GP6", "", "C", 66.929, 66.929, 43.308, 43.308, 270],
		[158, "PAD40_4", 195, -450, "B", "DIP", "GP6", "", "C", 66.929, 66.929, 43.308, 43.308, 270],
		[159, "PAD41_3", 195, -350, "T", "DIP", "GP7", "", "C", 66.929, 66.929, 43.308, 43.308, 270],
		[160, "PAD41_3", 195, -350, "B", "DIP", "GP7", "", "C", 66.929, 66.929, 43.308, 43.308, 270],
		[161, "PAD42_2", 195, -250, "T", "DIP", "5V", "", "C", 66.929, 66.929, 43.308, 43.308, 270],
		[162, "PAD42_2", 195, -250, "B", "DIP", "5V", "", "C", 66.929, 66.929, 43.308, 43.308, 270],
		[163, "PAD43_1", 195, -150, "T", "DIP", "GND", "GND", "R", 62, 66.929, 43.308, 43.308, 270],
		[164, "PAD43_1", 195, -150, "B", "DIP", "GND", "GND", "R", 62, 66.929, 43.308, 43.308, 270],
		[165, "PAD44_1", 150, -1012.616, "T", "DIP", "3V3", "", "R", 66.929, 66.929, 43.308, 43.308, 180],
		[166, "PAD44_1", 150, -1012.616, "B", "DIP", "3V3", "", "R", 66.929, 66.929, 43.308, 43.308, 180],
		[167, "PAD45_2", 250, -1012.616, "T", "DIP", "GND", "GND", "C", 66.929, 66.929, 43.308, 43.308, 180],
		[168, "PAD45_2", 250, -1012.616, "B", "DIP", "GND", "GND", "C", 66.929, 66.929, 43.308, 43.308, 180],
		[169, "PAD46_3", 350, -1012.616, "T", "DIP", "SIG4", "", "C", 66.929, 66.929, 43.308, 43.308, 180],
		[170, "PAD46_3", 350, -1012.616, "B", "DIP", "SIG4", "", "C", 66.929, 66.929, 43.308, 43.308, 180],
		[171, "PAD47_1", 635, -1015, "T", "DIP", "3V3", "", "R", 66.929, 66.929, 43.308, 43.308, 180],
		[172, "PAD47_1", 635, -1015, "B", "DIP", "3V3", "", "R", 66.929, 66.929, 43.308, 43.308, 180],
		[173, "PAD48_2", 735, -1015, "T", "DIP", "GND", "GND", "C", 66.929, 66.929, 43.308, 43.308, 180],
		[174, "PAD48_2", 735, -1015, "B", "DIP", "GND", "GND", "C", 66.929, 66.929, 43.308, 43.308, 180],
		[175, "PAD49_3", 835, -1015, "T", "DIP", "SIG3", "", "C", 66.929, 66.929, 43.308, 43.308, 180],
		[176, "PAD49_3", 835, -1015, "B", "DIP", "SIG3", "", "C", 66.929, 66.929, 43.308, 43.308, 180],
		[177, "PAD50_1", 1115, -1020, "T", "DIP", "3V3", "", "R", 66.929, 66.929, 43.308, 43.308, 180],
		[178, "PAD50_1", 1115, -1020, "B", "DIP", "3V3", "", "R", 66.929, 66.929, 43.308, 43.308, 180],
		[179, "PAD51_2", 1215, -1020, "T", "DIP", "GND", "GND", "C", 66.929, 66.929, 43.308, 43.308, 180],
		[180, "PAD51_2", 1215, -1020, "B", "DIP", "GND", "GND", "C", 66.929, 66.929, 43.308, 43.308, 180],
		[181, "PAD52_3", 1315, -1020, "T", "DIP", "SIG2", "", "C", 66.929, 66.929, 43.308, 43.308, 180],
		[182, "PAD52_3", 1315, -1020, "B", "DIP", "SIG2", "", "C", 66.929, 66.929, 43.308, 43.308, 180],
		[183, "PAD53_1", 1590, -1025, "T", "DIP", "3V3", "", "R", 66.929, 66.929, 43.308, 43.308, 180],
		[184, "PAD53_1", 1590, -1025, "B", "DIP", "3V3", "", "R", 66.929, 66.929, 43.308, 43.308, 180],
		[185, "PAD54_2", 1690, -1025, "T", "DIP", "GND", "GND", "C", 66.929, 66.929, 43.308, 43.308, 180],
		[186, "PAD54_2", 1690, -1025, "B", "DIP", "GND", "GND", "C", 66.929, 66.929, 43.308, 43.308, 180],
		[187, "PAD55_3", 1790, -1025, "T", "DIP", "SIG1", "", "C", 66.929, 66.929, 43.308, 43.308, 180],
		[188, "PAD55_3", 1790, -1025, "B", "DIP", "SIG1", "", "C", 66.929, 66.929, 43.308, 43.308, 180]
	]
}
}